time,gate,car.id,population,carType,duration
1430577240,C7,20152102062100-389,1,2,364500
1430703780,C7,20155403055431-257,2,3,74400
1430703780,C7,20155403055431-257,1,3,74400
1430844540,C7,20150905090932-101,2,2,351720
1430577240,C7,20152102062100-389,1,2,364500
1430951160,C7,20151006031050-832,2,1,683640
1431035760,C7,20153507023544-222,3,1,186840
1430844540,C7,20150905090932-101,2,2,351720
1431216000,C7,20152309042350-396,3,2,102720
1431035760,C7,20153507023544-222,2,1,186840
1431216000,C7,20152309042350-396,1,2,102720
1431358560,C7,20155911075946-694,2,2,193980
1431456840,C7,20153912113932-996,3,2,123660
1431465600,C7,20151812011836-943,4,1,257040
1431472500,C7,20155812035804-861,5,1,524280
1431544620,C7,20151613111653-93,6,1,461880
1431358560,C7,20155911075946-694,5,2,193980
1431456840,C7,20153912113932-996,4,2,123660
1430951160,C7,20151006031050-832,3,1,683640
1431710880,C7,20151415091432-219,4,2,127980
1431465600,C7,20151812011836-943,3,1,257040
1431710880,C7,20151415091432-219,2,2,127980
1431472500,C7,20155812035804-861,1,1,524280
1431544620,C7,20151613111653-93,0,1,461880
1432166940,C7,20155520035557-954,1,1,585120
1432412640,C7,20154423124442-224,2,2,623220
1432474500,C7,20151924061922-35,3,1,225000
1432492620,C7,20154824104802-646,4,3,350400
1432493040,C7,20152924102954-975,5,1,1071720
1432669560,C7,20153226123245-963,6,1,520500
1432681140,C7,20151026031053-559,7,1,103800
1432474500,C7,20151924061922-35,6,1,225000
1432734960,C7,20153227063240-542,7,1,522960
1432166940,C7,20155520035557-954,6,1,585120
1432681140,C7,20151026031053-559,5,1,103800
1432492620,C7,20154824104802-646,4,3,350400
1432918380,C7,20154729084718-7,5,2,210960
1432998720,C7,20155930075904-615,6,2,84300
1432412640,C7,20154423124442-224,5,2,623220
1432998720,C7,20155930075904-615,4,2,84300
1433097720,C7,20152731112735-564,5,1,350760
1432918380,C7,20154729084718-7,4,2,210960
1432669560,C7,20153226123245-963,3,1,520500
1433198220,C7,20151201031215-712,4,1,73920
1433198280,C7,20151601031653-102,5,1,85620
1433254440,C7,20155202065231-630,6,1,530040
1432734960,C7,20153227063240-542,5,1,522960
1433198220,C7,20151201031215-712,4,1,73920
1433277000,C7,20153002123026-8,5,3,248400
1433198280,C7,20151601031653-102,4,1,85620
1433352540,C7,20153403093425-594,5,1,97920
1433357100,C7,20151303111300-96,6,1,286020
1433377080,C7,20154203044240-260,7,1,612420
1433429040,C7,20152504072503-198,8,2,280620
1433440740,C7,20155804095839-242,9,3,106140
1433097720,C7,20152731112735-564,8,1,350760
1433450040,C7,20152004012053-387,9,2,250020
1433352540,C7,20153403093425-594,8,1,97920
1433457000,C7,20151904021905-805,9,1,1035600
1433458860,C7,20150804030847-490,10,1,245040
1433462400,C7,20153504043512-341,11,3,142860
1433464920,C7,20153104043113-656,12,2,50940
1433467860,C7,20155904055905-326,13,2,170040
1433464920,C7,20153104043113-656,12,2,50940
1433522280,C7,20152305092355-533,13,2,392580
1433277000,C7,20153002123026-8,12,3,248400
1433544000,C7,20151905031957-601,13,1,320940
1433544540,C7,20152905032910-293,14,1,715440
1433440740,C7,20155804095839-242,13,3,106140
1433550480,C7,20155205045211-58,14,1,102720
1432493040,C7,20152924102954-975,13,1,1071720
1433462400,C7,20153504043512-341,12,3,142860
1433610540,C7,20154606094659-402,13,1,88140
1433612340,C7,20152206102254-44,14,2,520260
1433617860,C7,20154506114531-504,15,3,70560
1433622900,C7,20153906123947-442,16,1,240960
1433631300,C7,20151506031529-885,17,3,155220
1433467860,C7,20155904055905-326,16,2,170040
1433357100,C7,20151303111300-96,15,1,286020
1433550480,C7,20155205045211-58,14,1,102720
1433617860,C7,20154506114531-504,13,3,70560
1433698020,C7,20155507095534-53,14,3,187380
1433610540,C7,20154606094659-402,13,1,88140
1433450040,C7,20152004012053-387,12,2,250020
1433458860,C7,20150804030847-490,11,1,245040
1433709240,C7,20154307124353-199,12,1,844680
1433429040,C7,20152504072503-198,11,2,280620
1433771340,C7,20150008060003-21,12,1,293160
1433777760,C7,20152008082056-988,13,1,310500
1433778780,C7,20153208083240-926,14,3,1485720
1433254440,C7,20155202065231-630,13,1,530040
1433631300,C7,20151506031529-885,12,3,155220
1433794260,C7,20153808123846-946,13,2,250440
1433794380,C7,20151008121044-244,14,1,529320
1433800980,C7,20155608015646-673,15,1,231720
1433805300,C7,20150108040141-642,16,1,186000
1433811600,C7,20154508054512-557,17,1,502080
1433859360,C7,20155409065419-204,18,3,273660
1433622900,C7,20153906123947-442,17,1,240960
1433544000,C7,20151905031957-601,16,1,320940
1433878740,C7,20152209122210-562,17,1,170280
1433884080,C7,20153509013553-476,18,3,93900
1433884260,C7,20154509014559-37,19,1,204120
1433698020,C7,20155507095534-53,18,3,187380
1433522280,C7,20152305092355-533,17,2,392580
1433960100,C7,20154210104209-855,18,1,197520
1433884080,C7,20153509013553-476,17,3,93900
1433979360,C7,20151910041931-214,18,3,97920
1433981940,C7,20150610040636-776,19,2,248640
1433377080,C7,20154203044240-260,18,1,612420
1433805300,C7,20150108040141-642,17,1,186000
1433800980,C7,20155608015646-673,16,1,231720
1433794260,C7,20153808123846-946,15,2,250440
1433878740,C7,20152209122210-562,14,1,170280
1433771340,C7,20150008060003-21,13,1,293160
1433979360,C7,20151910041931-214,12,3,97920
1433777760,C7,20152008082056-988,11,1,310500
1433884260,C7,20154509014559-37,10,1,204120
1434126660,C7,20151012091054-963,11,2,604980
1433612340,C7,20152206102254-44,10,2,520260
1433859360,C7,20155409065419-204,9,3,273660
1434136140,C7,20154612114650-326,10,1,523980
1433960100,C7,20154210104209-855,9,1,197520
1434224760,C7,20152913122916-642,10,2,96840
1433981940,C7,20150610040636-776,9,2,248640
1434233760,C7,20155913025927-438,10,3,69060
1434234420,C7,20154913024913-440,11,2,59700
1434240480,C7,20155413045417-828,12,2,85440
1433544540,C7,20152905032910-293,11,1,715440
1434234420,C7,20154913024913-440,10,2,59700
1434295020,C7,20155314075350-327,11,1,119100
1434233760,C7,20155913025927-438,10,3,69060
1434312720,C7,20155214125258-653,11,1,66060
1433811600,C7,20154508054512-557,10,1,502080
1434314880,C7,20152414012455-891,11,1,441060
1434320520,C7,20154714024730-244,12,1,282420
1434224760,C7,20152913122916-642,11,2,96840
1433794380,C7,20151008121044-244,10,1,529320
1434240480,C7,20155413045417-828,9,2,85440
1434376500,C7,20153915063929-257,10,1,139800
1434312720,C7,20155214125258-653,9,1,66060
1434385680,C7,20152515082556-333,10,2,161100
1434395760,C7,20150215110234-930,11,2,275700
1434403800,C7,20155415015459-549,12,1,857100
1434404100,C7,20151215021211-822,13,1,186900
1434404580,C7,20152215022221-833,14,1,973680
1434295020,C7,20155314075350-327,13,1,119100
1434471300,C7,20151116081119-191,14,1,104760
1433457000,C7,20151904021905-805,13,1,1035600
1434494700,C7,20150716030750-947,14,1,368100
1434376500,C7,20153915063929-257,13,1,139800
1434385680,C7,20152515082556-333,12,2,161100
1433709240,C7,20154307124353-199,11,1,844680
1434561420,C7,20150417100406-907,12,3,472500
1434562740,C7,20153617093653-526,13,2,177420
1434571140,C7,20153717123759-246,14,1,234600
1434575820,C7,20152317012346-970,15,1,166200
1434471300,C7,20151116081119-191,14,1,104760
1434590100,C7,20151617051603-789,15,1,274920
1434404100,C7,20151215021211-822,14,1,186900
1434320520,C7,20154714024730-244,13,1,282420
1434638160,C7,20150418070414-573,14,2,306060
1434645300,C7,20154018084053-456,15,1,699240
1434136140,C7,20154612114650-326,14,1,523980
1434669840,C7,20154718034701-35,15,1,362880
1434395760,C7,20150215110234-930,14,2,275700
1434672660,C7,20150318040329-875,15,1,99180
1434126660,C7,20151012091054-963,14,2,604980
1434562740,C7,20153617093653-526,13,2,177420
1434575820,C7,20152317012346-970,12,1,166200
1434753300,C7,20152819022855-141,13,1,1018620
1434314880,C7,20152414012455-891,12,1,441060
1434672660,C7,20150318040329-875,11,1,99180
1434571140,C7,20153717123759-246,10,1,234600
1434820260,C7,20155020095009-169,11,3,337140
1434847380,C7,20153020053014-949,12,1,56400
1434494700,C7,20150716030750-947,11,1,368100
1434590100,C7,20151617051603-789,10,1,274920
1434897540,C7,20154221064205-207,11,1,480300
1434847380,C7,20153020053014-949,10,1,56400
1434908520,C7,20155021095034-253,11,3,92040
1434921300,C7,20150621010643-875,12,2,104040
1434935580,C7,20155021055038-706,13,3,83520
1434638160,C7,20150418070414-573,12,2,306060
1434979980,C7,20150122060128-25,13,2,194100
1434908520,C7,20155021095034-253,12,3,92040
1435001700,C7,20153122113135-902,13,1,162240
1435010880,C7,20151422021453-376,14,2,163560
1435011660,C7,20150522030548-312,15,1,180780
1434935580,C7,20155021055038-706,14,3,83520
1434921300,C7,20150621010643-875,13,2,104040
1434669840,C7,20154718034701-35,12,1,362880
1434561420,C7,20150417100406-907,11,3,472500
1435102980,C7,20150323040301-184,12,1,176640
1435109160,C7,20154723054713-268,13,1,531720
1435155840,C7,20150924070945-953,14,1,396000
1434820260,C7,20155020095009-169,13,3,337140
1435001700,C7,20153122113135-902,12,1,162240
1435165680,C7,20151924091906-140,13,3,179820
1435165920,C7,20153624093618-492,14,1,73200
1435168320,C7,20153924103929-927,15,3,118200
1434979980,C7,20150122060128-25,14,2,194100
1435010880,C7,20151422021453-376,13,2,163560
1435186680,C7,20153324033312-407,14,3,444180
1435011660,C7,20150522030548-312,13,1,180780
1435165920,C7,20153624093618-492,12,1,73200
1435242180,C7,20154825064848-825,13,2,187860
1435255260,C7,20154725104717-951,14,2,341100
1434403800,C7,20155415015459-549,13,1,857100
1435263540,C7,20150425010456-10,14,1,65460
1433778780,C7,20153208083240-926,13,3,1485720
1435102980,C7,20150323040301-184,12,1,176640
1435279740,C7,20154925044945-414,13,1,167040
1435168320,C7,20153924103929-927,12,3,118200
1435263540,C7,20150425010456-10,11,1,65460
1435329960,C7,20153826063809-399,12,1,258240
1435334520,C7,20152326082325-308,13,1,109200
1435341120,C7,20153326103309-465,14,2,270180
1434645300,C7,20154018084053-456,13,1,699240
1435165680,C7,20151924091906-140,12,3,179820
1434897540,C7,20154221064205-207,11,1,480300
1434404580,C7,20152215022221-833,10,1,973680
1435420440,C7,20151527081514-392,11,1,198060
1435242180,C7,20154825064848-825,10,2,187860
1435334520,C7,20152326082325-308,9,1,109200
1435279740,C7,20154925044945-414,8,1,167040
1435446780,C7,20150127030110-863,9,1,77340
1435446780,C7,20150127030110-863,8,1,77340
1435155840,C7,20150924070945-953,7,1,396000
1435586040,C7,20153029063054-508,8,1,316860
1435329960,C7,20153826063809-399,7,1,258240
1435593660,C7,20151029081008-399,8,1,301740
1435255260,C7,20154725104717-951,7,2,341100
1435598280,C7,20155829095814-906,8,3,164160
1435341120,C7,20153326103309-465,7,2,270180
1435420440,C7,20151527081514-392,6,1,198060
1435619520,C7,20155229035239-568,7,3,50100
1435186680,C7,20153324033312-407,6,3,444180
1435109160,C7,20154723054713-268,5,1,531720
1435619520,C7,20155229035239-568,4,3,50100
1435683660,C7,20155430085434-503,5,1,418680
1435698420,C7,20154430014454-721,6,1,62160
1435706100,C7,20154430034436-879,7,2,175860
1435698420,C7,20154430014454-721,6,1,62160
1435761600,C7,20152001072036-614,7,1,780480
1435762260,C7,20153001073008-682,8,3,535320
1435598280,C7,20155829095814-906,7,3,164160
1435770840,C7,20152401092405-316,8,3,253860
1435771080,C7,20154201094221-490,9,3,720780
1434753300,C7,20152819022855-141,8,1,1018620
1435772580,C7,20152201102241-597,9,3,194520
1435777620,C7,20152701112759-138,10,1,688500
1435785180,C7,20154101014157-341,11,1,359160
1435788480,C7,20155401025432-410,12,1,754920
1435790340,C7,20152301032339-982,13,2,176760
1435790520,C7,20154201024259-199,14,2,485220
1435792200,C7,20151601031635-401,15,3,183180
1435794240,C7,20152201042246-439,16,2,764100
1435794660,C7,20151501041514-837,17,1,336180
1435796160,C7,20151801041821-719,18,2,313920
1435849740,C7,20155702065700-462,19,1,86820
1435864740,C7,20150202120211-959,20,3,371340
1435869420,C7,20152302012357-409,21,1,192240
1435706100,C7,20154430034436-879,20,2,175860
1435887420,C7,20155802055814-251,21,2,76020
1435593660,C7,20151029081008-399,20,1,301740
1435586040,C7,20153029063054-508,19,1,316860
1435932120,C7,20150203060230-10,20,1,136320
1435849740,C7,20155702065700-462,19,1,86820
1435937760,C7,20150303080344-262,20,1,220920
1435949760,C7,20154803104834-431,21,2,74880
1435956840,C7,20153803013812-529,22,1,630360
1435887420,C7,20155802055814-251,21,2,76020
1435966680,C7,20152103042134-429,22,2,50880
1435772580,C7,20152201102241-597,21,3,194520
1435790340,C7,20152301032339-982,20,2,176760
1435792200,C7,20151601031635-401,19,3,183180
1435966680,C7,20152103042134-429,18,2,50880
1436019360,C7,20155304065358-506,19,3,524280
1435949760,C7,20154803104834-431,18,2,74880
1435770840,C7,20152401092405-316,17,3,253860
1436033220,C7,20150804100804-119,18,1,330960
1436045220,C7,20155004015003-341,19,3,199320
1436046900,C7,20153004023033-371,20,2,195120
1436055600,C7,20150704050743-697,21,1,445440
1435869420,C7,20152302012357-409,20,1,192240
1435932120,C7,20150203060230-10,19,1,136320
1435683660,C7,20155430085434-503,18,1,418680
1435796160,C7,20151801041821-719,17,2,313920
1435794660,C7,20151501041514-837,16,1,336180
1436137920,C7,20155705025745-109,17,1,242040
1435785180,C7,20154101014157-341,16,1,359160
1436145060,C7,20155605055620-608,17,3,244620
1435937760,C7,20150303080344-262,16,1,220920
1436191680,C7,20151906061932-564,17,3,171780
1436198400,C7,20150306080327-887,18,2,261660
1436206980,C7,20150606110611-539,19,1,248160
1436213280,C7,20153606123639-984,20,3,94440
1436213700,C7,20151306121325-748,21,2,779040
1436233380,C7,20154606054615-464,22,2,391440
1436233500,C7,20154506054509-852,23,2,92160
1435864740,C7,20150202120211-959,22,3,371340
1436046900,C7,20153004023033-371,21,2,195120
1436045220,C7,20155004015003-341,20,3,199320
1435790520,C7,20154201024259-199,19,2,485220
1436287200,C7,20153407083404-718,20,2,120180
1436289060,C7,20155407095445-308,21,1,216000
1436295540,C7,20150207110213-868,22,3,104040
1435762260,C7,20153001073008-682,21,3,535320
1436213280,C7,20153606123639-984,20,3,94440
1436315100,C7,20153407043429-914,21,1,165960
1436233500,C7,20154506054509-852,20,2,92160
1436191680,C7,20151906061932-564,19,3,171780
1436364120,C7,20151008061031-83,20,1,363240
1436033220,C7,20150804100804-119,19,1,330960
1436367420,C7,20153708073726-600,20,2,363780
1436368620,C7,20150108080154-471,21,1,120300
1436369580,C7,20153208073235-389,22,2,81300
1436137920,C7,20155705025745-109,21,1,242040
1436388000,C7,20154508124538-434,22,2,171240
1436145060,C7,20155605055620-608,21,3,244620
1436392920,C7,20153708023749-220,22,1,164280
1436295540,C7,20150207110213-868,21,3,104040
1436401140,C7,20150508050523-569,22,1,331380
1436401560,C7,20151008051030-28,23,1,146220
1436287200,C7,20153407083404-718,22,2,120180
1436369580,C7,20153208073235-389,21,2,81300
1436454240,C7,20155009075029-871,22,2,278940
1436454540,C7,20155509065515-933,23,2,222840
1436206980,C7,20150606110611-539,22,1,248160
1436455800,C7,20154109074131-62,23,2,197220
1436459100,C7,20152709082754-396,24,1,254460
1436198400,C7,20150306080327-887,23,2,261660
1436465460,C7,20155509105541-792,24,1,92880
1435777620,C7,20152701112759-138,23,1,688500
1436467260,C7,20152509112544-291,24,1,102060
1436315100,C7,20153407043429-914,23,1,165960
1436368620,C7,20150108080154-471,22,1,120300
1436491020,C7,20150509050552-677,23,1,270480
1435771080,C7,20154201094221-490,22,3,720780
1436055600,C7,20150704050743-697,21,1,445440
1436289060,C7,20155407095445-308,20,1,216000
1436535660,C7,20150910060904-59,21,2,212460
1435761600,C7,20152001072036-614,20,1,780480
1435788480,C7,20155401025432-410,19,1,754920
1436019360,C7,20155304065358-506,18,3,524280
1436401560,C7,20151008051030-28,17,1,146220
1436555400,C7,20153310113338-127,18,2,177960
1436392920,C7,20153708023749-220,17,1,164280
1435794240,C7,20152201042246-439,16,2,764100
1436465460,C7,20155509105541-792,15,1,92880
1436388000,C7,20154508124538-434,14,2,171240
1436567640,C7,20153310023320-488,15,1,60600
1436467260,C7,20152509112544-291,14,1,102060
1436576640,C7,20152610052623-296,15,1,754620
1436579820,C7,20155610055624-279,16,1,670800
1435956840,C7,20153803013812-529,15,1,630360
1436233380,C7,20154606054615-464,14,2,391440
1436567640,C7,20153310023320-488,13,1,60600
1436636640,C7,20152511102520-964,14,3,177720
1436640660,C7,20152711112746-346,15,2,69720
1436642940,C7,20154111114145-439,16,2,94740
1436648040,C7,20155911125954-688,17,1,73140
1436455800,C7,20154109074131-62,16,2,197220
1436653740,C7,20154111024150-826,17,1,96480
1436660280,C7,20155511045543-118,18,2,57540
1436663640,C7,20150811050851-143,19,2,251280
1436454540,C7,20155509065515-933,18,2,222840
1436708100,C7,20150112060145-428,19,1,85440
1436709180,C7,20151612061624-150,20,1,638520
1436640660,C7,20152711112746-346,19,2,69720
1436459100,C7,20152709082754-396,18,1,254460
1436660280,C7,20155511045543-118,17,2,57540
1436648040,C7,20155911125954-688,16,1,73140
1436723280,C7,20153012103050-559,17,1,334920
1436364120,C7,20151008061031-83,16,1,363240
1436367420,C7,20153708073726-600,15,2,363780
1436401140,C7,20150508050523-569,14,1,331380
1436454240,C7,20155009075029-871,13,2,278940
1436555400,C7,20153310113338-127,12,2,177960
1436733660,C7,20155112125144-954,13,2,116700
1436642940,C7,20154111114145-439,12,2,94740
1436739780,C7,20153012023040-460,13,1,174000
1436535660,C7,20150910060904-59,12,2,212460
1436653740,C7,20154111024150-826,11,1,96480
1436491020,C7,20150509050552-677,10,1,270480
1436708100,C7,20150112060145-428,9,1,85440
1436796000,C7,20154613064658-613,10,1,96060
1436796660,C7,20155013065048-240,11,1,375420
1436809860,C7,20153813103815-223,12,1,974100
1436636640,C7,20152511102520-964,11,3,177720
1436814720,C7,20154113114117-693,12,2,381300
1436815380,C7,20153013113059-327,13,1,434340
1436733660,C7,20155112125144-954,12,2,116700
1436882520,C7,20152914062912-293,13,2,117420
1436885580,C7,20151614071608-934,14,1,80220
1436887680,C7,20152614072648-135,15,1,253680
1436796000,C7,20154613064658-613,14,1,96060
1436901120,C7,20150914110948-268,15,1,325260
1436901720,C7,20150514120512-102,16,1,295920
1436903520,C7,20153914123913-490,17,3,178380
1436906640,C7,20155314125319-412,18,3,241200
1436910960,C7,20155514015554-802,19,2,149460
1436739780,C7,20153012023040-460,18,1,174000
1436663640,C7,20150811050851-143,17,2,251280
1436920680,C7,20151314051327-38,18,1,247740
1436885580,C7,20151614071608-934,17,1,80220
1436973960,C7,20150115080143-276,18,2,687120
1436983560,C7,20150815100834-958,19,1,897480
1436213700,C7,20151306121325-748,18,2,779040
1436882520,C7,20152914062912-293,17,2,117420
1437004200,C7,20151415041441-660,18,3,446460
1437055080,C7,20153316063306-527,19,3,127260
1436723280,C7,20153012103050-559,18,1,334920
1436910960,C7,20155514015554-802,17,2,149460
1437069780,C7,20152816102821-282,18,1,1157640
1436903520,C7,20153914123913-490,17,3,178380
1437093960,C7,20155916045900-996,18,2,222900
1437139920,C7,20150717060746-729,19,3,950400
1436887680,C7,20152614072648-135,18,1,253680
1437141720,C7,20154617064600-936,19,1,192720
1436906640,C7,20155314125319-412,18,3,241200
1437150000,C7,20153117083124-431,19,2,184140
1437150540,C7,20150517090518-811,20,3,87000
1437154200,C7,20153317093336-203,21,2,123600
1437159300,C7,20155317105335-21,22,1,67860
1436920680,C7,20151314051327-38,21,1,247740
1436796660,C7,20155013065048-240,20,1,375420
1437177960,C7,20153417043413-536,21,2,365520
1437181740,C7,20154417054458-449,22,1,430860
1437055080,C7,20153316063306-527,21,3,127260
1436814720,C7,20154113114117-693,20,2,381300
1436901720,C7,20150514120512-102,19,1,295920
1436901120,C7,20150914110948-268,18,1,325260
1437159300,C7,20155317105335-21,17,1,67860
1437150540,C7,20150517090518-811,16,3,87000
1437240960,C7,20151318101338-951,17,2,512220
1437244440,C7,20151418111432-774,18,3,110760
1437245220,C7,20153318113337-404,19,3,119880
1436815380,C7,20153013113059-327,18,1,434340
1436579820,C7,20155610055624-279,17,1,670800
1437252720,C7,20153118013100-425,18,2,283320
1437265620,C7,20151318051330-957,19,3,923460
1437267660,C7,20154618044618-128,20,1,449460
1437268020,C7,20153018053053-129,21,2,166080
1437269460,C7,20153618053610-340,22,1,1459500
1437154200,C7,20153317093336-203,21,2,123600
1437093960,C7,20155916045900-996,20,2,222900
1437326340,C7,20152119092102-380,21,1,72600
1437326460,C7,20153219093219-284,22,1,616680
1436576640,C7,20152610052623-296,21,1,754620
1437333060,C7,20155019115035-365,22,1,630600
1437150000,C7,20153117083124-431,21,2,184140
1437141720,C7,20154617064600-936,20,1,192720
1437336120,C7,20150319120301-287,21,3,332760
1437336180,C7,20152819122847-981,22,1,67740
1437339480,C7,20150019010004-372,23,1,203640
1437343980,C7,20152419022425-210,24,1,355740
1436709180,C7,20151612061624-150,23,1,638520
1437350760,C7,20153219043201-719,24,1,104220
1437244440,C7,20151418111432-774,23,3,110760
1437245220,C7,20153318113337-404,22,3,119880
1437326340,C7,20152119092102-380,21,1,72600
1437403380,C7,20154520064525-417,22,3,137220
1437336180,C7,20152819122847-981,21,1,67740
1437413820,C7,20151620101652-108,22,1,83400
1437268020,C7,20153018053053-129,21,2,166080
1437444780,C7,20155920055919-29,22,1,49020
1437004200,C7,20151415041441-660,21,3,446460
1437350760,C7,20153219043201-719,20,1,104220
1437490560,C7,20152221072217-797,21,1,220320
1437444780,C7,20155920055919-29,20,1,49020
1437496380,C7,20151621091605-465,21,1,382020
1437496500,C7,20151221091244-979,22,2,430500
1437413820,C7,20151620101652-108,21,1,83400
1437518100,C7,20151421031443-290,22,2,599940
1437523080,C7,20154421044426-552,23,1,171960
1437252720,C7,20153118013100-425,22,2,283320
1437403380,C7,20154520064525-417,21,3,137220
1437339480,C7,20150019010004-372,20,1,203640
1437177960,C7,20153417043413-536,19,2,365520
1437580620,C7,20155822075801-949,20,1,634020
1437585240,C7,20150922090902-582,21,3,344160
1437586320,C7,20155522095506-197,22,2,174480
1437590760,C7,20154922104905-300,23,1,180120
1437592200,C7,20154822114816-84,24,1,75420
1437592680,C7,20155822115853-505,25,1,330360
1437598140,C7,20151422011417-46,26,1,112920
1437181740,C7,20154417054458-449,25,1,430860
1437613200,C7,20154622054623-743,26,3,775320
1436973960,C7,20150115080143-276,25,2,687120
1437592200,C7,20154822114816-84,24,1,75420
1437336120,C7,20150319120301-287,23,3,332760
1437672900,C7,20152923092919-201,24,1,731160
1437681060,C7,20152023122039-382,25,1,370320
1437523080,C7,20154421044426-552,24,1,171960
1437343980,C7,20152419022425-210,23,1,355740
1437490560,C7,20152221072217-797,22,1,220320
1437598140,C7,20151422011417-46,21,1,112920
1437267660,C7,20154618044618-128,20,1,449460
1437744000,C7,20150624060606-582,21,1,231060
1437748080,C7,20155424065455-846,22,2,96960
1437240960,C7,20151318101338-951,21,2,512220
1437755340,C7,20155824085808-856,22,3,271200
1437586320,C7,20155522095506-197,21,2,174480
1437767400,C7,20153424123435-575,22,2,193320
1437590760,C7,20154922104905-300,21,1,180120
1437772740,C7,20155724015759-778,22,1,233760
1437773580,C7,20151424021410-748,23,3,150720
1437774840,C7,20153724023747-163,24,1,710340
1437779640,C7,20155124035131-240,25,1,541440
1437779880,C7,20151724031732-555,26,1,421080
1437781920,C7,20151324041317-432,27,1,267120
1436809860,C7,20153813103815-223,26,1,974100
1437789540,C7,20155724055744-118,27,2,141240
1437837600,C7,20154925074924-66,28,1,783720
1437839400,C7,20150125080138-74,29,3,357120
1437748080,C7,20155424065455-846,28,2,96960
1437846660,C7,20155825095828-312,29,3,120840
1437848160,C7,20152925102911-696,30,3,368280
1437848760,C7,20152525102559-950,31,2,125400
1437853260,C7,20154725114714-121,32,3,80520
1437865320,C7,20153125033101-388,33,2,93180
1437869220,C7,20150825040838-487,34,1,188220
1437870780,C7,20150925050919-689,35,3,182520
1437496380,C7,20151621091605-465,34,1,382020
1436983560,C7,20150815100834-958,33,1,897480
1437919080,C7,20152426062434-212,34,1,210480
1437919380,C7,20154726064756-747,35,1,200160
1437921120,C7,20155726065746-437,36,3,113580
1437592680,C7,20155822115853-505,35,1,330360
1437773580,C7,20151424021410-748,34,3,150720
1437496500,C7,20151221091244-979,33,2,430500
1437585240,C7,20150922090902-582,32,3,344160
1437789540,C7,20155724055744-118,31,2,141240
1437853260,C7,20154725114714-121,30,3,80520
1437941640,C7,20154926124932-480,31,1,63600
1437326460,C7,20153219093219-284,30,1,616680
1437944100,C7,20153126013121-122,31,3,93540
1437947280,C7,20153126023103-958,32,2,795420
1437865320,C7,20153125033101-388,31,2,93180
1437767400,C7,20153424123435-575,30,2,193320
1437333060,C7,20155019115035-365,29,1,630600
1437846660,C7,20155825095828-312,28,3,120840
1437848760,C7,20152525102559-950,27,2,125400
1437744000,C7,20150624060606-582,26,1,231060
1438003260,C7,20150427060448-246,27,3,529800
1437941640,C7,20154926124932-480,26,1,63600
1437772740,C7,20155724015759-778,25,1,233760
1438007640,C7,20152027072040-298,26,1,227400
1438023300,C7,20151627111655-590,27,1,553020
1437755340,C7,20155824085808-856,26,3,271200
1438027860,C7,20155227125212-315,27,3,507540
1437921120,C7,20155726065746-437,26,3,113580
1437944100,C7,20153126013121-122,25,3,93540
1437781920,C7,20151324041317-432,24,1,267120
1437681060,C7,20152023122039-382,23,1,370320
1437870780,C7,20150925050919-689,22,3,182520
1437869220,C7,20150825040838-487,21,1,188220
1437139920,C7,20150717060746-729,20,3,950400
1438103040,C7,20154428094403-173,21,1,126420
1438114620,C7,20154428124429-300,22,2,61080
1437518100,C7,20151421031443-290,21,2,599940
1437919380,C7,20154726064756-747,20,1,200160
1438127280,C7,20151528041551-821,21,1,521520
1437919080,C7,20152426062434-212,20,1,210480
1438131480,C7,20154328044302-517,21,2,848460
1438114620,C7,20154428124429-300,20,2,61080
1438180320,C7,20155929065908-355,21,1,121800
1438187940,C7,20155129085126-994,22,2,118260
1437265620,C7,20151318051330-957,21,3,923460
1437839400,C7,20150125080138-74,20,3,357120
1437779880,C7,20151724031732-555,19,1,421080
1438209960,C7,20153029033042-152,20,1,169320
1438211040,C7,20154629034645-799,21,1,508440
1437580620,C7,20155822075801-949,20,1,634020
1437848160,C7,20152925102911-696,19,3,368280
1437069780,C7,20152816102821-282,18,1,1157640
1438103040,C7,20154428094403-173,17,1,126420
1438007640,C7,20152027072040-298,16,1,227400
1438272720,C7,20155730085755-371,17,1,200820
1438276920,C7,20150030100046-714,18,2,347220
1438282380,C7,20150430110428-833,19,2,190740
1438286400,C7,20154130124118-316,20,1,114600
1438297860,C7,20150130030134-783,21,1,104220
1438180320,C7,20155929065908-355,20,1,121800
1438187940,C7,20155129085126-994,19,2,118260
1437779640,C7,20155124035131-240,18,1,541440
1438359840,C7,20152631082611-613,19,2,803700
1438360860,C7,20154231084240-825,20,2,177060
1438363140,C7,20152031092038-925,21,1,470160
1438366980,C7,20152331102327-0,22,1,159240
1438371360,C7,20150231120236-701,23,1,246600
1438373280,C7,20154431124424-721,24,1,197520
1438375980,C7,20150231010233-845,25,1,940080
1438209960,C7,20153029033042-152,24,1,169320
1438380300,C7,20154931024946-567,25,1,417480
1438383360,C7,20151631031602-96,26,2,182220
1438383780,C7,20154931034945-124,27,3,63060
1437613200,C7,20154622054623-743,26,3,775320
1438286400,C7,20154130124118-316,25,1,114600
1438297860,C7,20150130030134-783,24,1,104220
1437672900,C7,20152923092919-201,23,1,731160
1438441020,C7,20152501072548-463,24,3,361200
1438383780,C7,20154931034945-124,23,3,63060
1438456320,C7,20155401115443-339,24,2,108960
1438459740,C7,20155601125604-18,25,1,180660
1438471380,C7,20152501032501-316,26,1,160080
1438471440,C7,20151001041055-580,27,1,278460
1438282380,C7,20150430110428-833,26,2,190740
1438272720,C7,20155730085755-371,25,1,200820
1437774840,C7,20153724023747-163,24,1,710340
1438524600,C7,20150902060920-793,25,2,714780
1438366980,C7,20152331102327-0,24,1,159240
1438530120,C7,20152102082141-663,25,1,253740
1438003260,C7,20150427060448-246,24,3,529800
1438533900,C7,20153002083005-261,25,1,104580
1438534680,C7,20154302094310-152,26,1,438780
1438027860,C7,20155227125212-315,25,3,507540
1438360860,C7,20154231084240-825,24,2,177060
1438542660,C7,20150902110946-207,25,1,88920
1438546380,C7,20151302121348-104,26,1,274560
1438551300,C7,20154602014652-42,27,1,231180
1438563120,C7,20155102045128-941,28,1,75780
1438563120,C7,20153802053822-860,29,3,53520
1438564800,C7,20155702055701-405,30,3,135420
1438456320,C7,20155401115443-339,29,2,108960
1438383360,C7,20151631031602-96,28,2,182220
1438373280,C7,20154431124424-721,27,1,197520
1438023300,C7,20151627111655-590,26,1,553020
1438611840,C7,20153503063500-934,27,2,177540
1438563120,C7,20153802053822-860,26,3,53520
1438371360,C7,20150231120236-701,25,1,246600
1437837600,C7,20154925074924-66,24,1,783720
1438276920,C7,20150030100046-714,23,2,347220
1438471380,C7,20152501032501-316,22,1,160080
1438542660,C7,20150902110946-207,21,1,88920
1438533900,C7,20153002083005-261,20,1,104580
1438563120,C7,20155102045128-941,19,1,75780
1438459740,C7,20155601125604-18,18,1,180660
1438641540,C7,20154303024314-609,19,1,103020
1438646160,C7,20150503040553-197,20,2,244560
1438127280,C7,20151528041551-821,19,1,521520
1438651320,C7,20154403054427-199,20,2,149280
1438564800,C7,20155702055701-405,19,3,135420
1438708200,C7,20155304095343-996,20,2,292500
1438717800,C7,20150104120123-255,21,2,321420
1438211040,C7,20154629034645-799,20,1,508440
1438719660,C7,20150704010749-266,21,1,241140
1437269460,C7,20153618053610-340,20,1,1459500
1438733760,C7,20151804041847-645,21,3,266340
1437947280,C7,20153126023103-958,20,2,795420
1438641540,C7,20154303024314-609,19,1,103020
1438471440,C7,20151001041055-580,18,1,278460
1438551300,C7,20154602014652-42,17,1,231180
1438530120,C7,20152102082141-663,16,1,253740
1438611840,C7,20153503063500-934,15,2,177540
1438792680,C7,20155805085848-703,16,3,124140
1438380300,C7,20154931024946-567,15,1,417480
1438651320,C7,20154403054427-199,14,2,149280
1438441020,C7,20152501072548-463,13,3,361200
1438803240,C7,20152305112331-211,14,1,121440
1438820160,C7,20150205050251-251,15,2,269760
1438546380,C7,20151302121348-104,14,1,274560
1438363140,C7,20152031092038-925,13,1,470160
1438872360,C7,20151106071155-474,14,1,104100
1438874460,C7,20150006080007-531,15,3,471000
1438646160,C7,20150503040553-197,14,2,244560
1438896540,C7,20153306013342-878,15,3,631860
1438897260,C7,20152606022653-437,16,3,259200
1438792680,C7,20155805085848-703,15,3,124140
1438803240,C7,20152305112331-211,14,1,121440
1438954380,C7,20151607061640-872,15,1,120540
1438719660,C7,20150704010749-266,14,1,241140
1438971000,C7,20152007102018-450,15,1,122100
1438534680,C7,20154302094310-152,14,1,438780
1438872360,C7,20151106071155-474,13,1,104100
1438131480,C7,20154328044302-517,12,2,848460
1438982400,C7,20155607015659-126,13,2,81900
1438989240,C7,20151507031539-411,14,3,333600
1438995240,C7,20150107050116-884,15,2,593700
1438995540,C7,20150307050341-35,16,3,259140
1438733760,C7,20151804041847-645,15,3,266340
1438708200,C7,20155304095343-996,14,2,292500
1438717800,C7,20150104120123-255,13,2,321420
1439045940,C7,20154408074420-516,14,1,89760
1439051460,C7,20151608091658-472,15,1,101340
1439056680,C7,20150208100221-140,16,3,112980
1438982400,C7,20155607015659-126,15,2,81900
1438954380,C7,20151607061640-872,14,1,120540
1439077020,C7,20152008042053-423,15,1,325380
1439081460,C7,20151808051800-604,16,1,78420
1438820160,C7,20150205050251-251,15,2,269760
1438971000,C7,20152007102018-450,14,1,122100
1439128440,C7,20150009060037-852,15,1,919140
1439045940,C7,20154408074420-516,14,1,89760
1439145540,C7,20151409111437-111,15,2,295620
1439146320,C7,20151209111219-195,16,2,331320
1439150400,C7,20154809114818-832,17,1,178800
1439051460,C7,20151608091658-472,16,1,101340
1438897260,C7,20152606022653-437,15,3,259200
1439158260,C7,20150509020558-681,16,1,145560
1439081460,C7,20151808051800-604,15,1,78420
1438359840,C7,20152631082611-613,14,2,803700
1439165520,C7,20154709044702-412,15,3,261480
1439056680,C7,20150208100221-140,14,3,112980
1439170140,C7,20151909051914-299,15,1,865500
1439215980,C7,20152310062340-347,16,1,114000
1439237760,C7,20153610123659-887,17,3,66120
1438524600,C7,20150902060920-793,16,2,714780
1439245440,C7,20152710022715-872,17,1,95460
1439247360,C7,20150110030105-67,18,3,595740
1438995540,C7,20150307050341-35,17,3,259140
1439302080,C7,20154711064710-266,18,3,113220
1439158260,C7,20150509020558-681,17,1,145560
1439237760,C7,20153610123659-887,16,3,66120
1439304300,C7,20152211072207-967,17,1,169860
1439307300,C7,20153711073708-752,18,1,299220
1439310480,C7,20151211091201-575,19,2,295560
1438375980,C7,20150231010233-845,18,1,940080
1439318160,C7,20151511111500-654,19,3,597900
1438989240,C7,20151507031539-411,18,3,333600
1439150400,C7,20154809114818-832,17,1,178800
1439215980,C7,20152310062340-347,16,1,114000
1439245440,C7,20152710022715-872,15,1,95460
1439340960,C7,20153111053127-294,16,2,134400
1438874460,C7,20150006080007-531,15,3,471000
1439392500,C7,20150112080156-678,16,3,342900
1439077020,C7,20152008042053-423,15,1,325380
1439404800,C7,20152312112319-869,16,2,359400
1439302080,C7,20154711064710-266,15,3,113220
1439416680,C7,20154412024403-809,16,1,189120
1439424360,C7,20154212044243-346,17,1,189720
1439165520,C7,20154709044702-412,16,3,261480
1439427360,C7,20150812050800-581,17,1,61680
1439145540,C7,20151409111437-111,16,2,295620
1439304300,C7,20152211072207-967,15,1,169860
1439340960,C7,20153111053127-294,14,2,134400
1439146320,C7,20151209111219-195,13,2,331320
1439427360,C7,20150812050800-581,12,1,61680
1438896540,C7,20153306013342-878,11,3,631860
1439561220,C7,20154214064217-704,12,1,1406880
1439562840,C7,20150214070255-757,13,1,132660
1439574180,C7,20153114093133-433,14,2,70020
1439581980,C7,20155514115538-38,15,1,277920
1438995240,C7,20150107050116-884,14,2,593700
1439602440,C7,20155514055529-108,15,1,772080
1439416680,C7,20154412024403-809,14,1,189120
1439310480,C7,20151211091201-575,13,2,295560
1439307300,C7,20153711073708-752,12,1,299220
1439424360,C7,20154212044243-346,11,1,189720
1439574180,C7,20153114093133-433,10,2,70020
1439646060,C7,20150215060225-774,11,1,818220
1439657460,C7,20153715093725-365,12,1,133080
1439662980,C7,20152015102054-215,13,3,81420
1439562840,C7,20150214070255-757,12,1,132660
1439392500,C7,20150112080156-678,11,3,342900
1439736540,C7,20153316073319-342,12,3,128760
1439662980,C7,20152015102054-215,11,3,81420
1439747520,C7,20152716102734-529,12,1,89700
1439755200,C7,20153816123820-926,13,1,264600
1439758740,C7,20154516014531-348,14,2,280140
1439404800,C7,20152312112319-869,13,2,359400
1439657460,C7,20153715093725-365,12,1,133080
1439833860,C7,20153617103638-247,13,1,193200
1439833920,C7,20153817093840-341,14,1,389220
1439747520,C7,20152716102734-529,13,1,89700
1439247360,C7,20150110030105-67,12,3,595740
1439581980,C7,20155514115538-38,11,1,277920
1439861280,C7,20153117053105-892,12,1,224820
1439736540,C7,20153316073319-342,11,3,128760
1439907000,C7,20155618065604-631,12,2,124080
1439318160,C7,20151511111500-654,11,3,597900
1439920800,C7,20152718102756-727,12,1,438180
1439932260,C7,20155418015419-112,13,1,359580
1440017520,C7,20155419125408-510,14,1,796320
1439755200,C7,20153816123820-926,13,1,264600
1439833860,C7,20153617103638-247,12,1,193200
1439907000,C7,20155618065604-631,11,2,124080
1439170140,C7,20151909051914-299,10,1,865500
1439758740,C7,20154516014531-348,9,2,280140
1439128440,C7,20150009060037-852,8,1,919140
1440081540,C7,20155920065907-68,9,2,124140
1439861280,C7,20153117053105-892,8,1,224820
1440092340,C7,20150720100758-108,9,2,103080
1440100320,C7,20152120122138-42,10,1,365280
1440175620,C7,20152221092251-883,11,2,299220
1440176580,C7,20150421090407-354,12,2,99540
1440187020,C7,20150921120902-568,13,2,252420
1440190200,C7,20154821124817-368,14,1,434040
1440092340,C7,20150720100758-108,13,2,103080
1440081540,C7,20155920065907-68,12,2,124140
1439833920,C7,20153817093840-341,11,1,389220
1440257820,C7,20152122082127-299,12,1,108540
1440270720,C7,20153922113902-456,13,1,203880
1440176580,C7,20150421090407-354,12,2,99540
1440286920,C7,20152122042102-592,13,3,267120
1440290040,C7,20154322044336-436,14,2,395280
1439932260,C7,20155418015419-112,13,1,359580
1440335760,C7,20150223060208-554,14,3,103680
1440349560,C7,20154623094608-73,15,2,257820
1439920800,C7,20152718102756-727,14,1,438180
1440361920,C7,20150823010813-63,15,1,455940
1440366060,C7,20152023022026-39,16,1,86580
1440257820,C7,20152122082127-299,15,1,108540
1440367980,C7,20150023030012-350,16,3,112980
1439602440,C7,20155514055529-108,15,1,772080
1440377340,C7,20153023053020-213,16,2,67260
1440424140,C7,20151724061714-521,17,1,121200
1440187020,C7,20150921120902-568,16,2,252420
1440335760,C7,20150223060208-554,15,3,103680
1440377340,C7,20153023053020-213,14,2,67260
1440452160,C7,20153024013035-807,15,3,408120
1440366060,C7,20152023022026-39,14,1,86580
1440459120,C7,20150024040008-576,15,3,325560
1440461940,C7,20154124044141-426,16,3,161580
1439646060,C7,20150215060225-774,15,1,818220
1440100320,C7,20152120122138-42,14,1,365280
1440270720,C7,20153922113902-456,13,1,203880
1440175620,C7,20152221092251-883,12,2,299220
1440367980,C7,20150023030012-350,11,3,112980
1440511140,C7,20152125062113-255,12,1,185640
1440534000,C7,20151125121147-666,13,1,871500
1440538920,C7,20153125013101-836,14,2,617400
1440544260,C7,20151525031532-107,15,1,1293480
1440544800,C7,20151625031626-950,16,2,315360
1440424140,C7,20151724061714-521,15,1,121200
1440286920,C7,20152122042102-592,14,3,267120
1440349560,C7,20154623094608-73,13,2,257820
1440608880,C7,20151026091044-859,14,2,362700
1440611340,C7,20154026094053-772,15,2,215820
1440620340,C7,20150426010444-611,16,1,87780
1440622200,C7,20155926125956-991,17,3,849780
1440461940,C7,20154124044141-426,16,3,161580
1440190200,C7,20154821124817-368,15,1,434040
1440624300,C7,20155026015014-82,16,1,504780
1440624660,C7,20155426015439-228,17,3,515340
1440634740,C7,20150326050302-149,18,2,162120
1440290040,C7,20154322044336-436,17,2,395280
1440690900,C7,20151727081727-53,18,2,258840
1440511140,C7,20152125062113-255,17,1,185640
1440620340,C7,20150426010444-611,16,1,87780
1440718980,C7,20152027042059-327,17,1,179340
1440721380,C7,20150227050213-13,18,1,73020
1440724260,C7,20155427055429-500,19,1,84840
1440782700,C7,20153228093241-330,20,2,340680
1440459120,C7,20150024040008-576,19,3,325560
1440789660,C7,20153228113210-234,20,1,160800
1440721380,C7,20150227050213-13,19,1,73020
1440634740,C7,20150326050302-149,18,2,162120
1440804000,C7,20153228033219-364,19,2,105900
1440724260,C7,20155427055429-500,18,1,84840
1440017520,C7,20155419125408-510,17,1,796320
1440361920,C7,20150823010813-63,16,1,455940
1440611340,C7,20154026094053-772,15,2,215820
1440859380,C7,20154529064528-757,16,3,263100
1440544800,C7,20151625031626-950,15,2,315360
1440452160,C7,20153024013035-807,14,3,408120
1440866460,C7,20155029085047-891,15,3,467160
1440868320,C7,20155529095519-855,16,2,199560
1440869340,C7,20151629101604-17,17,2,372420
1440879600,C7,20150529010519-318,18,2,198180
1440881580,C7,20153329013347-72,19,2,61080
1440881760,C7,20155129125114-867,20,1,244860
1440882240,C7,20152629012651-157,21,3,1283160
1440718980,C7,20152027042059-327,20,1,179340
1440804000,C7,20153228033219-364,19,2,105900
1440881580,C7,20153329013347-72,18,2,61080
1440943740,C7,20153730063725-217,19,1,430260
1440945480,C7,20150230070206-829,20,1,373560
1440690900,C7,20151727081727-53,19,2,258840
1440789660,C7,20153228113210-234,18,1,160800
1440952860,C7,20150330090357-596,19,2,89580
1440953280,C7,20152630092647-226,20,1,105840
1440966660,C7,20152130122123-358,21,2,252720
1439561220,C7,20154214064217-704,20,1,1406880
1440608880,C7,20151026091044-859,19,2,362700
1441042020,C7,20153931093915-91,20,1,335760
1440952860,C7,20150330090357-596,19,2,89580
1440953280,C7,20152630092647-226,18,1,105840
1441061220,C7,20152731032706-323,19,1,94740
1441061880,C7,20155931025933-274,20,1,160020
1440868320,C7,20155529095519-855,19,2,199560
1440879600,C7,20150529010519-318,18,2,198180
1441119960,C7,20154201074239-177,19,1,707400
1440859380,C7,20154529064528-757,18,3,263100
1440782700,C7,20153228093241-330,17,2,340680
1440881760,C7,20155129125114-867,16,1,244860
1440624300,C7,20155026015014-82,15,1,504780
1441133100,C7,20154601104625-869,16,1,105840
1440624660,C7,20155426015439-228,15,3,515340
1441153560,C7,20150001050042-811,16,1,346200
1441061220,C7,20152731032706-323,15,1,94740
1440538920,C7,20153125013101-836,14,2,617400
1441203060,C7,20153202063212-217,15,2,284340
1441207620,C7,20155602075606-537,16,1,620880
1441208640,C7,20154702074759-377,17,1,278340
1441216920,C7,20154102104114-973,18,2,111360
1440966660,C7,20152130122123-358,17,2,252720
1441061880,C7,20155931025933-274,16,1,160020
1441133100,C7,20154601104625-869,15,1,105840
1441241280,C7,20154402044412-377,16,1,477900
1440869340,C7,20151629101604-17,15,2,372420
1441295820,C7,20151703081723-858,16,2,625260
1441303380,C7,20154303104350-928,17,2,105120
1440945480,C7,20150230070206-829,16,1,373560
1441322400,C7,20155703035752-285,17,1,429120
1441216920,C7,20154102104114-973,16,2,111360
1440866460,C7,20155029085047-891,15,3,467160
1440943740,C7,20153730063725-217,14,1,430260
1441374600,C7,20153404063406-832,15,1,97500
1441042020,C7,20153931093915-91,14,1,335760
1441380360,C7,20151904071915-758,15,2,286800
1441385280,C7,20154704084736-736,16,3,95460
1441387320,C7,20150904100901-193,17,1,373200
1441390560,C7,20152504102537-658,18,2,338580
1441394100,C7,20151204111220-934,19,2,275580
1440534000,C7,20151125121147-666,18,1,871500
1441405620,C7,20151204031221-340,19,1,267300
1441303380,C7,20154303104350-928,18,2,105120
1441469760,C7,20151705081753-773,19,3,119640
1441470300,C7,20150605090619-525,20,2,161400
1440622200,C7,20155926125956-991,19,3,849780
1441374600,C7,20153404063406-832,18,1,97500
1441385280,C7,20154704084736-736,17,3,95460
1441208640,C7,20154702074759-377,16,1,278340
1441487220,C7,20155305015326-67,17,1,281700
1441203060,C7,20153202063212-217,16,2,284340
1441153560,C7,20150001050042-811,15,1,346200
1441501680,C7,20151405051442-519,16,3,88440
1441549320,C7,20155806065835-432,17,1,117300
1441563840,C7,20153606103657-307,18,1,197880
1441569180,C7,20154906114942-746,19,3,150540
1441586100,C7,20151406051448-965,20,1,274740
1441469760,C7,20151705081753-773,19,3,119640
1441501680,C7,20151405051442-519,18,3,88440
1441470300,C7,20150605090619-525,17,2,161400
1441655520,C7,20153707123722-164,18,1,552360
1441549320,C7,20155806065835-432,17,1,117300
1441380360,C7,20151904071915-758,16,2,286800
1441394100,C7,20151204111220-934,15,2,275580
1441405620,C7,20151204031221-340,14,1,267300
1441241280,C7,20154402044412-377,13,1,477900
1441569180,C7,20154906114942-746,12,3,150540
1441390560,C7,20152504102537-658,11,2,338580
1441322400,C7,20155703035752-285,10,1,429120
1441757100,C7,20155208045228-597,11,3,277260
1441387320,C7,20150904100901-193,10,1,373200
1441563840,C7,20153606103657-307,9,1,197880
1441487220,C7,20155305015326-67,8,1,281700
1441807200,C7,20153809063840-685,9,3,175680
1441812600,C7,20153209073227-920,10,1,719160
1441826820,C7,20151309121323-469,11,2,366420
1441119960,C7,20154201074239-177,10,1,707400
1441207620,C7,20155602075606-537,9,1,620880
1440544260,C7,20151525031532-107,8,1,1293480
1441586100,C7,20151406051448-965,7,1,274740
1441902780,C7,20155310085325-400,8,2,260640
1441905480,C7,20152610092600-874,9,1,301860
1441295820,C7,20151703081723-858,8,2,625260
1441807200,C7,20153809063840-685,7,3,175680
1442020500,C7,20151011051048-783,8,1,182880
1441757100,C7,20155208045228-597,7,3,277260
1442067780,C7,20151712061745-29,8,3,311220
1442069040,C7,20150712070713-541,9,2,983220
1442076600,C7,20154912084901-166,10,2,622080
1442085600,C7,20154212114258-729,11,1,98700
1442097120,C7,20153312023328-539,12,2,84360
1442102460,C7,20152512042530-460,13,1,61440
1442104920,C7,20150812050828-793,14,3,49440
1442104920,C7,20150812050828-793,13,3,49440
1441902780,C7,20155310085325-400,12,2,260640
1442102460,C7,20152512042530-460,11,1,61440
1440882240,C7,20152629012651-157,10,3,1283160
1442172360,C7,20150613120634-302,11,1,79800
1442179500,C7,20150413020432-24,12,3,94320
1442097120,C7,20153312023328-539,11,2,84360
1442085600,C7,20154212114258-729,10,1,98700
1441826820,C7,20151309121323-469,9,2,366420
1442020500,C7,20151011051048-783,8,1,182880
1441905480,C7,20152610092600-874,7,1,301860
1441655520,C7,20153707123722-164,6,1,552360
1442241120,C7,20151614071616-110,7,3,170820
1442248080,C7,20153014083025-418,8,3,105720
1442172360,C7,20150613120634-302,7,1,79800
1442254080,C7,20151914101910-853,8,2,251040
1442257320,C7,20151114111101-450,9,1,766920
1442179500,C7,20150413020432-24,8,3,94320
1442328420,C7,20152815072807-909,9,1,102480
1442329140,C7,20150215070210-159,10,1,224340
1442329740,C7,20150615070645-876,11,2,362640
1442345820,C7,20155015115025-738,12,3,188160
1442347140,C7,20152115122135-105,13,3,186660
1442248080,C7,20153014083025-418,12,3,105720
1442365920,C7,20155615055609-330,13,1,90300
1442067780,C7,20151712061745-29,12,3,311220
1442241120,C7,20151614071616-110,11,3,170820
1442414880,C7,20150016070037-632,12,3,253380
1442328420,C7,20152815072807-909,11,1,102480
1442365920,C7,20155615055609-330,10,1,90300
1442496960,C7,20150317060312-681,11,2,521220
1442254080,C7,20151914101910-853,10,2,251040
1442511060,C7,20153117093131-820,11,1,123120
1442519820,C7,20154217124209-940,12,2,200460
1442526840,C7,20154817014854-170,13,2,146400
1441812600,C7,20153209073227-920,12,1,719160
1442347140,C7,20152115122135-105,11,3,186660
1442345820,C7,20155015115025-738,10,3,188160
1442536980,C7,20152717052750-615,11,3,696300
1442329140,C7,20150215070210-159,10,1,224340
1442592000,C7,20150018080022-664,11,1,110760
1442511060,C7,20153117093131-820,10,1,123120
1442414880,C7,20150016070037-632,9,3,253380
1442671440,C7,20154719064707-283,10,2,135660
1442526840,C7,20154817014854-170,9,2,146400
1442687100,C7,20154719104700-710,10,3,100200
1442329740,C7,20150615070645-876,9,2,362640
1442697900,C7,20151019021027-10,10,2,376020
1442076600,C7,20154912084901-166,9,2,622080
1442592000,C7,20150018080022-664,8,1,110760
1442703300,C7,20155319025303-151,9,2,55560
1442708340,C7,20150419050423-187,10,1,331560
1442519820,C7,20154217124209-940,9,2,200460
1442757420,C7,20152620062633-528,10,1,225720
1442758740,C7,20151520061516-982,11,2,216060
1442703300,C7,20155319025303-151,10,2,55560
1442687100,C7,20154719104700-710,9,3,100200
1442792040,C7,20152420032414-663,10,1,93120
1442793480,C7,20152520042545-155,11,3,587220
1442671440,C7,20154719064707-283,10,2,135660
1442862780,C7,20155221115237-739,11,1,122340
1442875860,C7,20154821024838-295,12,2,318720
1442792040,C7,20152420032414-663,11,1,93120
1442945040,C7,20150522100502-509,12,3,330300
1442758740,C7,20151520061516-982,11,2,216060
1442757420,C7,20152620062633-528,10,1,225720
1442862780,C7,20155221115237-739,9,1,122340
1442496960,C7,20150317060312-681,8,2,521220
1442257320,C7,20151114111101-450,7,1,766920
1442708340,C7,20150419050423-187,6,1,331560
1443046620,C7,20151823021836-870,7,3,92400
1442069040,C7,20150712070713-541,6,2,983220
1442697900,C7,20151019021027-10,5,2,376020
1443127500,C7,20154524124536-93,6,2,265380
1443046620,C7,20151823021836-870,5,3,92400
1442875860,C7,20154821024838-295,4,2,318720
1443225780,C7,20154825044833-35,5,3,86460
1442536980,C7,20152717052750-615,4,3,696300
1442945040,C7,20150522100502-509,3,3,330300
1443281460,C7,20155326075351-224,4,3,119880
1443283200,C7,20153726083749-370,5,1,114360
1443306540,C7,20151426021455-333,6,1,510180
1443310020,C7,20155426035428-177,7,2,626580
1443225780,C7,20154825044833-35,6,3,86460
1443365940,C7,20152527072503-929,7,1,368280
1443366360,C7,20151927071926-369,8,3,351180
1442793480,C7,20152520042545-155,7,3,587220
1443127500,C7,20154524124536-93,6,2,265380
1443283200,C7,20153726083749-370,5,1,114360
1443281460,C7,20155326075351-224,4,3,119880
1443447000,C7,20151428061409-269,5,1,185100
1443465720,C7,20151128111144-648,6,2,74700
1443469140,C7,20152328122311-696,7,1,1495560
1443470460,C7,20154728124707-118,8,1,463260
1443539160,C7,20150829070856-319,9,1,306180
1443465720,C7,20151128111144-648,8,2,74700
1443552180,C7,20154529104539-756,9,1,66720
1443563880,C7,20150029020040-164,10,1,72720
1443565200,C7,20151729021748-498,11,2,60600
1443571380,C7,20151229041207-285,12,2,160680
1443552180,C7,20154529104539-756,11,1,66720
1443565200,C7,20151729021748-498,10,2,60600
1443447000,C7,20151428061409-269,9,1,185100
1443632460,C7,20154030094027-816,10,1,525660
1443563880,C7,20150029020040-164,9,1,72720
1443652020,C7,20153230023251-365,10,1,89100
1443366360,C7,20151927071926-369,9,3,351180
1443571380,C7,20151229041207-285,8,2,160680
1443365940,C7,20152527072503-929,7,1,368280
1443652020,C7,20153230023251-365,6,1,89100
1443306540,C7,20151426021455-333,5,1,510180
1443539160,C7,20150829070856-319,4,1,306180
1443470460,C7,20154728124707-118,3,1,463260
1443310020,C7,20155426035428-177,2,2,626580
1443632460,C7,20154030094027-816,1,1,525660
1443469140,C7,20152328122311-696,0,1,1495560
1445351040,C7,20153120063140-521,1,1,539100
1445533680,C7,20152822092858-860,2,3,86400
1445533680,C7,20152822092858-860,1,3,86400
1445351040,C7,20153120063140-521,0,1,539100
1459870560,C7,20161605081629-930,1,1,166920
1459870560,C7,20161605081629-930,0,1,166920
1460155020,C7,20161308031352-805,1,3,442140
1460211780,C7,20162409062454-857,2,2,554100
1460155020,C7,20161308031352-805,1,3,442140
1460211780,C7,20162409062454-857,0,2,554100
1461854040,C7,20161928071944-220,1,2,199200
1462045020,C7,20161130121138-137,2,2,123420
1461854040,C7,20161928071944-220,1,2,199200
1462112580,C7,20165001065044-854,2,2,458160
1462135320,C7,20162701122721-624,3,3,425940
1462136520,C7,20163001013040-715,4,3,80040
1462045020,C7,20161130121138-137,3,2,123420
1462197900,C7,20163402063435-850,4,1,349860
1462136520,C7,20163001013040-715,3,3,80040
1462221300,C7,20160102010124-415,4,3,259800
1462222740,C7,20162502012517-879,5,2,76980
1462222740,C7,20162502012517-879,4,2,76980
1462379700,C7,20162204092243-393,5,2,186900
1462397340,C7,20160604020620-396,6,1,539520
1462463340,C7,20161805081816-21,7,1,170400
1462477920,C7,20165105115138-773,8,1,599820
1462221300,C7,20160102010124-415,7,3,259800
1462197900,C7,20163402063435-850,6,1,349860
1462135320,C7,20162701122721-624,5,3,425940
1462379700,C7,20162204092243-393,4,2,186900
1462566660,C7,20161106011142-596,5,2,600780
1462112580,C7,20165001065044-854,4,2,458160
1462583040,C7,20161006051036-393,5,2,336120
1462463340,C7,20161805081816-21,4,1,170400
1462638240,C7,20161907081910-516,5,1,383700
1462728840,C7,20163108093145-941,6,1,642240
1462745160,C7,20164308024330-236,7,3,422160
1462800420,C7,20160709060739-448,8,1,184380
1462809180,C7,20163909083952-107,9,3,454200
1462900620,C7,20161010091000-835,10,3,250200
1462583040,C7,20161006051036-393,9,2,336120
1462925880,C7,20163810043842-166,10,2,68640
1462927020,C7,20162310042305-75,11,1,400860
1462397340,C7,20160604020620-396,10,1,539520
1462983840,C7,20162511082549-862,11,2,210480
1462800420,C7,20160709060739-448,10,1,184380
1462925880,C7,20163810043842-166,9,2,68640
1462638240,C7,20161907081910-516,8,1,383700
1463065920,C7,20161612071621-912,9,1,178560
1462477920,C7,20165105115138-773,8,1,599820
1463084340,C7,20161912121924-319,9,1,288000
1463100180,C7,20164912044955-331,10,1,184200
1462900620,C7,20161010091000-835,9,3,250200
1463163120,C7,20165213105244-282,10,3,535740
1462745160,C7,20164308024330-236,9,3,422160
1462566660,C7,20161106011142-596,8,2,600780
1463176140,C7,20163413023412-159,9,1,141900
1462983840,C7,20162511082549-862,8,2,210480
1463065920,C7,20161612071621-912,7,1,178560
1462809180,C7,20163909083952-107,6,3,454200
1463100180,C7,20164912044955-331,5,1,184200
1463176140,C7,20163413023412-159,4,1,141900
1462927020,C7,20162310042305-75,3,1,400860
1463352060,C7,20164115024151-5,4,1,186840
1463355660,C7,20162015042050-853,5,1,771000
1462728840,C7,20163108093145-941,4,1,642240
1463084340,C7,20161912121924-319,3,1,288000
1463352060,C7,20164115024151-5,2,1,186840
1463688840,C7,20165319125305-907,3,1,152460
1463163120,C7,20165213105244-282,2,3,535740
1463762160,C7,20163020083029-640,3,1,190500
1463773260,C7,20160920120951-598,4,1,247080
1463688840,C7,20165319125305-907,3,1,152460
1463762160,C7,20163020083029-640,2,1,190500
1464013860,C7,20161523061558-393,3,1,486660
1463773260,C7,20160920120951-598,2,1,247080
1464038820,C7,20162823012818-280,3,2,700800
1464100860,C7,20160624070637-743,4,2,87000
1463355660,C7,20162015042050-853,3,1,771000
1464100860,C7,20160624070637-743,2,2,87000
1464190680,C7,20162125082144-48,3,3,300900
1464287040,C7,20164826104846-825,4,1,206640
1464393240,C7,20161927041946-363,5,3,99300
1464190680,C7,20162125082144-48,4,3,300900
1464393240,C7,20161927041946-363,3,3,99300
1464287040,C7,20164826104846-825,2,1,206640
1464013860,C7,20161523061558-393,1,1,486660
1464038820,C7,20162823012818-280,0,2,700800
